﻿<?xml version="1.0" encoding="UTF-8" ?>
<bioscoopoverzicht version="1.0" timestamp="1413571209">
    <bioscoopoverzicht>
        <id>CU131</id>
        <thema>cultuur</thema>
        <type>bioscoop</type>
        <subtype>bioscoop</subtype>
        <naam>Cartoons</naam>
        <straat>KAASSTRAAT</straat>
        <huisnummer>4-6</huisnummer>
        <postcode>2000</postcode>
        <district>Antwerpen</district>
        <lgst_niv>stedelijk</lgst_niv>
        <hgst_niv>stedelijk</hgst_niv>
        <grondopp>320.05000000000001</grondopp>
        <gemetenopp></gemetenopp>
        <gebo>GEBO2000036259</gebo>
        <pero></pero>
        <begindatum>2004-01-01T00:00:00</begindatum>
        <capa_zit>233</capa_zit>
        <capa_staan>0</capa_staan>
        <point_lng>4.3979932290000647</point_lng>
        <point_lat>51.221554851000064</point_lat>
    </bioscoopoverzicht>
    <bioscoopoverzicht>
        <id>CU132</id>
        <thema>cultuur</thema>
        <type>bioscoop</type>
        <subtype>bioscoop</subtype>
        <naam>UGC</naam>
        <straat>VAN ERTBORNSTRAAT</straat>
        <huisnummer>13-15</huisnummer>
        <postcode>2018</postcode>
        <district>Antwerpen</district>
        <lgst_niv>stedelijk</lgst_niv>
        <hgst_niv>stadsgewest</hgst_niv>
        <grondopp>3612.9099999999999</grondopp>
        <gemetenopp></gemetenopp>
        <gebo>GEBO2000049546</gebo>
        <pero></pero>
        <begindatum>2004-01-01T00:00:00</begindatum>
        <capa_zit>3649</capa_zit>
        <capa_staan>0</capa_staan>
        <point_lng>4.4174753590000364</point_lng>
        <point_lat>51.218358675000047</point_lat>
    </bioscoopoverzicht>
    <bioscoopoverzicht>
        <id>CU133</id>
        <thema>cultuur</thema>
        <type>bioscoop</type>
        <subtype>bioscoop</subtype>
        <naam>Metropolis</naam>
        <straat>GROENENDAALLAAN</straat>
        <huisnummer>394-422</huisnummer>
        <postcode>2030</postcode>
        <district>Antwerpen</district>
        <lgst_niv>stedelijk</lgst_niv>
        <hgst_niv>stadsgewest</hgst_niv>
        <grondopp>22360.07</grondopp>
        <gemetenopp></gemetenopp>
        <gebo>GEBO2000173225</gebo>
        <pero></pero>
        <begindatum>2004-01-01T00:00:00</begindatum>
        <capa_zit>8313</capa_zit>
        <capa_staan>0</capa_staan>
        <point_lng>4.4163566970000261</point_lng>
        <point_lat>51.245901908000064</point_lat>
    </bioscoopoverzicht>
    <bioscoopoverzicht>
        <id>CU134</id>
        <thema>cultuur</thema>
        <type>bioscoop</type>
        <subtype>bioscoop</subtype>
        <naam>Ciné Royale</naam>
        <straat>KONINGIN ASTRIDPLEIN</straat>
        <huisnummer>12</huisnummer>
        <postcode>2018</postcode>
        <district>Antwerpen</district>
        <lgst_niv>stedelijk</lgst_niv>
        <hgst_niv>stedelijk</hgst_niv>
        <grondopp>256.55000000000001</grondopp>
        <gemetenopp></gemetenopp>
        <gebo>GEBO2000049233</gebo>
        <pero></pero>
        <begindatum>2004-01-01T00:00:00</begindatum>
        <capa_zit>145</capa_zit>
        <capa_staan>0</capa_staan>
        <point_lng>4.4219619390000275</point_lng>
        <point_lat>51.218566270000053</point_lat>
    </bioscoopoverzicht>
    <bioscoopoverzicht>
        <id>CU135</id>
        <thema>cultuur</thema>
        <type>bioscoop</type>
        <subtype>bioscoop</subtype>
        <naam>Filmhuis Klappei</naam>
        <straat>KLAPPEISTRAAT</straat>
        <huisnummer>2</huisnummer>
        <postcode>2060</postcode>
        <district>Antwerpen</district>
        <lgst_niv>stedelijk</lgst_niv>
        <hgst_niv>stedelijk</hgst_niv>
        <grondopp>81.939999999999998</grondopp>
        <gemetenopp></gemetenopp>
        <gebo>GEBO2000047291</gebo>
        <pero></pero>
        <begindatum>2004-01-01T00:00:00</begindatum>
        <capa_zit>50</capa_zit>
        <capa_staan>0</capa_staan>
        <point_lng>4.4290818760000548</point_lng>
        <point_lat>51.221152806000077</point_lat>
    </bioscoopoverzicht>
    <bioscoopoverzicht>
        <id>CU136</id>
        <thema>cultuur</thema>
        <type>bioscoop</type>
        <subtype>filmvoorstelling</subtype>
        <naam>Cinéma Zuid</naam>
        <straat>WAALSEKAAI</straat>
        <huisnummer>47</huisnummer>
        <postcode>2000</postcode>
        <district>Antwerpen</district>
        <lgst_niv>stedelijk</lgst_niv>
        <hgst_niv>stedelijk</hgst_niv>
        <grondopp>638.85000000000002</grondopp>
        <gemetenopp></gemetenopp>
        <gebo>GEBO2000170497</gebo>
        <pero></pero>
        <begindatum>2004-01-01T00:00:00</begindatum>
        <capa_zit>239</capa_zit>
        <capa_staan>0</capa_staan>
        <point_lng>4.387497000000053</point_lng>
        <point_lat>51.209066061000044</point_lat>
    </bioscoopoverzicht>
    <bioscoopoverzicht>
        <id>CU137</id>
        <thema>cultuur</thema>
        <type>bioscoop</type>
        <subtype>filmvoorstelling</subtype>
        <naam>De Roma</naam>
        <straat>TURNHOUTSEBAAN</straat>
        <huisnummer>286</huisnummer>
        <postcode>2140</postcode>
        <district>Borgerhout</district>
        <lgst_niv>wijk</lgst_niv>
        <hgst_niv>stadsgewest</hgst_niv>
        <grondopp>2073.0700000000002</grondopp>
        <gemetenopp></gemetenopp>
        <gebo>GEBO2000103467</gebo>
        <pero></pero>
        <begindatum>2004-01-01T00:00:00</begindatum>
        <capa_zit>1140</capa_zit>
        <capa_staan>0</capa_staan>
        <point_lng>4.4400112230000559</point_lng>
        <point_lat>51.21331919000005</point_lat>
    </bioscoopoverzicht>
    <bioscoopoverzicht>
        <id>CU138</id>
        <thema>cultuur</thema>
        <type>bioscoop</type>
        <subtype>filmvoorstelling</subtype>
        <naam>Rataplan</naam>
        <straat>WIJNEGEMSTRAAT</straat>
        <huisnummer>27</huisnummer>
        <postcode>2140</postcode>
        <district>Borgerhout</district>
        <lgst_niv>wijk</lgst_niv>
        <hgst_niv>stedelijk</hgst_niv>
        <grondopp>530.35000000000002</grondopp>
        <gemetenopp></gemetenopp>
        <gebo>GEBO2000101255</gebo>
        <pero></pero>
        <begindatum>2004-01-01T00:00:00</begindatum>
        <capa_zit>185</capa_zit>
        <capa_staan>300</capa_staan>
        <point_lng>4.442589503000022</point_lng>
        <point_lat>51.219750721000082</point_lat>
    </bioscoopoverzicht>
    <bioscoopoverzicht>
        <id>CU202</id>
        <thema>cultuur</thema>
        <type>bioscoop</type>
        <subtype>filmvoorstelling</subtype>
        <naam>Cultuurcentrum Wilrijk (De Kern)</naam>
        <straat>KERN</straat>
        <huisnummer>18</huisnummer>
        <postcode>2610</postcode>
        <district>Wilrijk</district>
        <lgst_niv>wijk</lgst_niv>
        <hgst_niv>stedelijk</hgst_niv>
        <grondopp>119.73</grondopp>
        <gemetenopp>625</gemetenopp>
        <gebo>GEBO2000085224</gebo>
        <pero></pero>
        <begindatum>2004-01-01T00:00:00</begindatum>
        <capa_zit>433</capa_zit>
        <capa_staan>0</capa_staan>
        <point_lng>4.3934332860000609</point_lng>
        <point_lat>51.171243746000073</point_lat>
    </bioscoopoverzicht>
    <bioscoopoverzicht>
        <id>CU203</id>
        <thema>cultuur</thema>
        <type>bioscoop</type>
        <subtype>filmvoorstelling</subtype>
        <naam>Cultuurcentrum Deurne/ Rix</naam>
        <straat>DE GRYSPEERSTRAAT</straat>
        <huisnummer>86</huisnummer>
        <postcode>2100</postcode>
        <district>Deurne</district>
        <lgst_niv>wijk</lgst_niv>
        <hgst_niv>stedelijk</hgst_niv>
        <grondopp>871.15999999999997</grondopp>
        <gemetenopp>200</gemetenopp>
        <gebo>GEBO2000093979</gebo>
        <pero></pero>
        <begindatum>2004-01-01T00:00:00</begindatum>
        <capa_zit>700</capa_zit>
        <capa_staan>0</capa_staan>
        <point_lng>4.4509303680000585</point_lng>
        <point_lat>51.227177016000041</point_lat>
    </bioscoopoverzicht>
    <bioscoopoverzicht>
        <id>CU251</id>
        <thema>cultuur</thema>
        <type>bioscoop</type>
        <subtype>filmvoorstelling</subtype>
        <naam>Cultuurcentrum Merksem</naam>
        <straat>NIEUWDREEF</straat>
        <huisnummer>135</huisnummer>
        <postcode>2170</postcode>
        <district>Merksem</district>
        <lgst_niv>wijk</lgst_niv>
        <hgst_niv>stedelijk</hgst_niv>
        <grondopp>3581.2800000000002</grondopp>
        <gemetenopp>1558</gemetenopp>
        <gebo>GEBO2000024283</gebo>
        <pero></pero>
        <begindatum>2004-01-01T00:00:00</begindatum>
        <capa_zit>416</capa_zit>
        <capa_staan>0</capa_staan>
        <point_lng>4.4378941740000641</point_lng>
        <point_lat>51.250523200000032</point_lat>
    </bioscoopoverzicht>
    <bioscoopoverzicht>
        <id>CU249</id>
        <thema>cultuur</thema>
        <type>bioscoop</type>
        <subtype>filmvoorstelling</subtype>
        <naam>De Singel</naam>
        <straat>DESGUINLEI</straat>
        <huisnummer>25</huisnummer>
        <postcode>2018</postcode>
        <district>Antwerpen</district>
        <lgst_niv>stedelijk</lgst_niv>
        <hgst_niv>internationaal</hgst_niv>
        <grondopp>10315.049999999999</grondopp>
        <gemetenopp></gemetenopp>
        <gebo>GEBO2000066455</gebo>
        <pero></pero>
        <begindatum>2004-01-01T00:00:00</begindatum>
        <capa_zit>1743</capa_zit>
        <capa_staan>0</capa_staan>
        <point_lng>4.4038848920000646</point_lng>
        <point_lat>51.193114623000042</point_lat>
    </bioscoopoverzicht>
</bioscoopoverzicht>